thank much help,you are welcome
hi,hi
hi chatbot,hi customer

thanks,you are welcome
thank help,you are welcome
okay thanks,you are welcome
thank much,you are welcome


want learn discounts computer, all acer notebooks have 20% discount..
hi want learn discount computer, all acer notebooks have 20% discount..
hi want know discount computer, all acer notebooks have 20% discount..
hi want get discount computer product, all acer notebooks have 20% discount..
hi chatbot want get discount smart phone, iphone x in our market is 800 eur instead of 950 eur.
hi chatbot want know smart phone discount, iphone x in our market is 800 eur instead of 950 eur.
hi chatbot show smart phone, here are the products you are looking for
hi chatbot redirect smart phone, here are the products you are looking for
chatbot please redirect smart phone, here are the products you are looking for
application, this chatbot is provided by an artificial intelligence and continues to improve with your support
please redirect smart phone, here are the products you are looking for

please show smart phone, here are the products you are looking for

redirect smart phone, here are the products you are looking for

show smart phone, here are the products you are looking for
want list smart phone chatbot, here are the products you are looking for
hi chatbot want get smart phone list, here are the products you are looking for

want get smart phone list, here are the products you are looking for

want get computer list, here are the products you are looking for

hi chatbot want get computer list, here are the products you are looking for

hi chatbot want get computer, here are the products you are looking for

hi chatbot want get smart phone, here are the products you are looking for
hi chatbot want list smart phone, here are the products you are looking for

hi chatbot want know discount smart phone, iphone x in our market is 800 eur instead of 950 eur.

hi chatbot want know discount computer, all acer notebooks have 20% discount..

want know discount computer, all acer notebooks have 20% discount..

chatbot want know discount computer, all acer notebooks have 20% discount..

want know discount smart phone, iphone x in our market is 800 eur instead of 950 eur.

chatbot want know discount smart phone, iphone x in our market is 800 eur instead of 950 eur.

want learn discount smart phone, iphone x in our market is 800 eur instead of 950 eur

want get discount smart phone, iphone x in our market is 800 eur instead of 950 eur.
chatbot want learn discount smart phone, iphone x in our market is 800 eur instead of 950 eur

hi chatbot want learn discount smart phone, iphone x in our market is 800 eur instead of 950 eur

hey chatbot want learn discount smart phone, iphone x in our market is 800 eur instead of 950 eur

hey want learn discount smart phone, iphone x in our market is 800 eur instead of 950 eur

discount, iphone x in our market is 800 eur instead of 950 eur

discount computer, all acer notebooks have 20% discount..

want get list smart phone discount, here are the products you are looking for
chatbot show smart phone, here are the products you are looking for

hi chatbot want learn smart phone discount, iphone x in our market is 800 eur instead of 950 eur

hi chatbot want get smart phone list discount, here are the products you are looking for

hi chatbot want get smart phone discount, iphone x in our market is 800 eur instead of 950 eur.

hi chatbot want get computer discount, all acer notebooks have 20% discount..

hi chatbot want get computer list discount, here are the products you are looking for

list computer discount, here are the products you are looking for
give information application, this chatbot is provided by an artificial intelligence and continues to improve with your support

hey chatbot give information application, this chatbot is provided by an artificial intelligence and continues to improve with your support

hey chatbot give information, this chatbot is provided by an artificial intelligence and continues to improve with your support
how is the weather, It's sunny oh wait I guess it was yesterday 
What the weather like today, It's sunny oh wait I guess it was yesterday 
weather, It's sunny oh wait I guess it was yesterday 


information, this chatbot is provided by an artificial intelligence and continues to improve with your support
hey chatbot give list smart phone discount, here are the products you are looking for
hey chatbot could give information, this chatbot is provided by an artificial intelligence and continues to improve with your support

hey chatbot could give list computer discount, here are the products you are looking for
hey chatbot show smart phone discount, here are the products you are looking for

thanks chatbot dear friend,you are welcome

need get list smart phone discount please, here are the products you are looking for
okey know chatbot, this chatbot is provided by an artificial intelligence and continues to improve with your support
oh thank sir,you are welcome



oh thank much sir,you are welcome
chatbot need list smart phone product discount, here are the products you are looking for

list smart phone, here are the products you are looking for
hi chatbot hi,hi
do you have iphone 11, yes available in stock
do you have iphone 12, will be added to stocks soon
do you have iphone 6, yes available in stock
do you have 3310, will be added to stocks soon
do you have note 10, will be added to stocks soon
do you have samsung s5, will be added to stocks soon
do you have iphone 5s, will be added to stocks soon
do you have iphone 8plus, yes available in stock
do you have iphone 7, yes available in stock
do you have iphone 8, yes available in stock
do you have iphone x, will be added to stocks soon
do you have iphone xsmax, yes available in stock
do you have iphone xr, yes available in stock
do you have iphone 11pro, will be added to stocks soon
do you have iphone 11promax, will be added to stocks soon
iphone, yes available in stock
show television,sorry we dont have any tv sales 

what does this site do,sellers to sell phones in every country
hey chatbot show television,sorry we dont have any tv sales 

hey chatbot today, It's sunny oh wait I guess it was yesterday 

show iphone market, here are the products you are looking for

list smart phone u, here are the products you are looking for

hey chatbot show u television,sorry we dont have any tv sales 

,you are welcome

hey chatbot weather today, It's sunny oh wait I guess it was yesterday 

hey chatbot name, iphone x in our market is 800 eur instead of 950 eur



what is your name dear chatbot, my name is asistant x
name dear chatbot, my name is asistant x
hello chatbot,hi customer
weather like today, It's sunny oh wait I guess it was yesterday 
